checkpoint,run,score,player
checkpoint-1490,0,36,DEFENSIVE
checkpoint-1490,0,36,AGGRESSIVE
checkpoint-1490,0,48,NN
checkpoint-1490,0,52,GREEDY
checkpoint-1490,1,39,AGGRESSIVE
checkpoint-1490,1,41,GREEDY
checkpoint-1490,1,42,DEFENSIVE
checkpoint-1490,1,72,NN
checkpoint-1490,2,36,GREEDY
checkpoint-1490,2,38,AGGRESSIVE
checkpoint-1490,2,55,DEFENSIVE
checkpoint-1490,2,41,NN
checkpoint-1490,3,36,DEFENSIVE
checkpoint-1490,3,53,AGGRESSIVE
checkpoint-1490,3,39,NN
checkpoint-1490,3,39,GREEDY
checkpoint-1490,4,40,AGGRESSIVE
checkpoint-1490,4,41,NN
checkpoint-1490,4,40,DEFENSIVE
checkpoint-1490,4,52,GREEDY
checkpoint-1490,5,38,AGGRESSIVE
checkpoint-1490,5,37,NN
checkpoint-1490,5,38,DEFENSIVE
checkpoint-1490,5,41,GREEDY
checkpoint-1490,6,36,AGGRESSIVE
checkpoint-1490,6,36,DEFENSIVE
checkpoint-1490,6,38,GREEDY
checkpoint-1490,6,40,NN
checkpoint-1490,7,36,NN
checkpoint-1490,7,40,GREEDY
checkpoint-1490,7,43,DEFENSIVE
checkpoint-1490,7,41,AGGRESSIVE
checkpoint-1490,8,36,AGGRESSIVE
checkpoint-1490,8,45,GREEDY
checkpoint-1490,8,37,DEFENSIVE
checkpoint-1490,8,38,NN
checkpoint-1490,9,37,DEFENSIVE
checkpoint-1490,9,41,GREEDY
checkpoint-1490,9,59,NN
checkpoint-1490,9,38,AGGRESSIVE
checkpoint-1490,10,36,AGGRESSIVE
checkpoint-1490,10,47,NN
checkpoint-1490,10,42,GREEDY
checkpoint-1490,10,37,DEFENSIVE
checkpoint-1490,11,38,AGGRESSIVE
checkpoint-1490,11,38,NN
checkpoint-1490,11,36,GREEDY
checkpoint-1490,11,41,DEFENSIVE
checkpoint-1490,12,43,AGGRESSIVE
checkpoint-1490,12,41,NN
checkpoint-1490,12,39,DEFENSIVE
checkpoint-1490,12,43,GREEDY
checkpoint-1490,13,39,AGGRESSIVE
checkpoint-1490,13,36,DEFENSIVE
checkpoint-1490,13,44,NN
checkpoint-1490,13,42,GREEDY
checkpoint-1490,14,41,GREEDY
checkpoint-1490,14,39,AGGRESSIVE
checkpoint-1490,14,43,NN
checkpoint-1490,14,36,DEFENSIVE
checkpoint-1490,15,37,AGGRESSIVE
checkpoint-1490,15,40,NN
checkpoint-1490,15,41,GREEDY
checkpoint-1490,15,39,DEFENSIVE
checkpoint-1490,16,36,GREEDY
checkpoint-1490,16,38,NN
checkpoint-1490,16,40,AGGRESSIVE
checkpoint-1490,16,37,DEFENSIVE
checkpoint-1490,17,38,AGGRESSIVE
checkpoint-1490,17,47,NN
checkpoint-1490,17,36,GREEDY
checkpoint-1490,17,36,DEFENSIVE
checkpoint-1490,18,39,GREEDY
checkpoint-1490,18,38,NN
checkpoint-1490,18,38,DEFENSIVE
checkpoint-1490,18,48,AGGRESSIVE
checkpoint-1490,19,36,AGGRESSIVE
checkpoint-1490,19,36,GREEDY
checkpoint-1490,19,40,NN
checkpoint-1490,19,38,DEFENSIVE
checkpoint-1490,20,36,DEFENSIVE
checkpoint-1490,20,45,NN
checkpoint-1490,20,36,AGGRESSIVE
checkpoint-1490,20,41,GREEDY
checkpoint-1490,21,36,AGGRESSIVE
checkpoint-1490,21,36,DEFENSIVE
checkpoint-1490,21,40,NN
checkpoint-1490,21,38,GREEDY
checkpoint-1490,22,49,AGGRESSIVE
checkpoint-1490,22,41,GREEDY
checkpoint-1490,22,41,DEFENSIVE
checkpoint-1490,22,36,NN
checkpoint-1490,23,37,GREEDY
checkpoint-1490,23,38,DEFENSIVE
checkpoint-1490,23,36,AGGRESSIVE
checkpoint-1490,23,41,NN
checkpoint-1490,24,40,NN
checkpoint-1490,24,40,DEFENSIVE
checkpoint-1490,24,55,GREEDY
checkpoint-1490,24,39,AGGRESSIVE
checkpoint-1490,25,37,GREEDY
checkpoint-1490,25,37,DEFENSIVE
checkpoint-1490,25,47,AGGRESSIVE
checkpoint-1490,25,39,NN
checkpoint-1490,26,39,NN
checkpoint-1490,26,36,GREEDY
checkpoint-1490,26,51,AGGRESSIVE
checkpoint-1490,26,40,DEFENSIVE
checkpoint-1490,27,38,NN
checkpoint-1490,27,39,AGGRESSIVE
checkpoint-1490,27,46,GREEDY
checkpoint-1490,27,38,DEFENSIVE
checkpoint-1490,28,37,NN
checkpoint-1490,28,36,AGGRESSIVE
checkpoint-1490,28,36,DEFENSIVE
checkpoint-1490,28,39,GREEDY
checkpoint-1490,29,36,AGGRESSIVE
checkpoint-1490,29,36,NN
checkpoint-1490,29,36,GREEDY
checkpoint-1490,29,0,DEFENSIVE
checkpoint-2006,0,43,NN
checkpoint-2006,0,38,AGGRESSIVE
checkpoint-2006,0,38,GREEDY
checkpoint-2006,0,75,DEFENSIVE
checkpoint-2006,1,36,GREEDY
checkpoint-2006,1,47,NN
checkpoint-2006,1,41,AGGRESSIVE
checkpoint-2006,1,42,DEFENSIVE
checkpoint-2006,2,40,GREEDY
checkpoint-2006,2,41,NN
checkpoint-2006,2,40,AGGRESSIVE
checkpoint-2006,2,40,DEFENSIVE
checkpoint-2006,3,37,AGGRESSIVE
checkpoint-2006,3,38,NN
checkpoint-2006,3,41,GREEDY
checkpoint-2006,3,41,DEFENSIVE
checkpoint-2006,4,38,GREEDY
checkpoint-2006,4,38,AGGRESSIVE
checkpoint-2006,4,42,DEFENSIVE
checkpoint-2006,4,70,NN
checkpoint-2006,5,39,DEFENSIVE
checkpoint-2006,5,50,GREEDY
checkpoint-2006,5,121,NN
checkpoint-2006,5,36,AGGRESSIVE
checkpoint-2006,6,38,DEFENSIVE
checkpoint-2006,6,41,AGGRESSIVE
checkpoint-2006,6,55,NN
checkpoint-2006,6,39,GREEDY
checkpoint-2006,7,36,AGGRESSIVE
checkpoint-2006,7,44,NN
checkpoint-2006,7,48,GREEDY
checkpoint-2006,7,44,DEFENSIVE
checkpoint-2006,8,40,NN
checkpoint-2006,8,39,AGGRESSIVE
checkpoint-2006,8,43,GREEDY
checkpoint-2006,8,36,DEFENSIVE
checkpoint-2006,9,39,NN
checkpoint-2006,9,38,AGGRESSIVE
checkpoint-2006,9,39,GREEDY
checkpoint-2006,9,36,DEFENSIVE
checkpoint-2006,10,36,GREEDY
checkpoint-2006,10,44,AGGRESSIVE
checkpoint-2006,10,42,DEFENSIVE
checkpoint-2006,10,36,NN
checkpoint-2006,11,36,AGGRESSIVE
checkpoint-2006,11,37,GREEDY
checkpoint-2006,11,45,NN
checkpoint-2006,11,48,DEFENSIVE
checkpoint-2006,12,39,AGGRESSIVE
checkpoint-2006,12,36,DEFENSIVE
checkpoint-2006,12,37,GREEDY
checkpoint-2006,12,50,NN
checkpoint-2006,13,36,AGGRESSIVE
checkpoint-2006,13,40,DEFENSIVE
checkpoint-2006,13,36,NN
checkpoint-2006,13,44,GREEDY
checkpoint-2006,14,42,NN
checkpoint-2006,14,36,AGGRESSIVE
checkpoint-2006,14,51,GREEDY
checkpoint-2006,14,44,DEFENSIVE
checkpoint-2006,15,39,AGGRESSIVE
checkpoint-2006,15,38,DEFENSIVE
checkpoint-2006,15,36,NN
checkpoint-2006,15,36,GREEDY
checkpoint-2006,16,52,NN
checkpoint-2006,16,36,DEFENSIVE
checkpoint-2006,16,46,GREEDY
checkpoint-2006,16,66,AGGRESSIVE
checkpoint-2006,17,39,AGGRESSIVE
checkpoint-2006,17,36,NN
checkpoint-2006,17,37,DEFENSIVE
checkpoint-2006,17,42,GREEDY
checkpoint-2006,18,36,NN
checkpoint-2006,18,36,DEFENSIVE
checkpoint-2006,18,37,GREEDY
checkpoint-2006,18,36,AGGRESSIVE
checkpoint-2006,19,47,NN
checkpoint-2006,19,36,AGGRESSIVE
checkpoint-2006,19,37,GREEDY
checkpoint-2006,19,36,DEFENSIVE
checkpoint-2006,20,36,DEFENSIVE
checkpoint-2006,20,39,AGGRESSIVE
checkpoint-2006,20,70,NN
checkpoint-2006,20,38,GREEDY
checkpoint-2006,21,36,NN
checkpoint-2006,21,36,GREEDY
checkpoint-2006,21,36,DEFENSIVE
checkpoint-2006,21,44,AGGRESSIVE
checkpoint-2006,22,37,AGGRESSIVE
checkpoint-2006,22,58,NN
checkpoint-2006,22,48,DEFENSIVE
checkpoint-2006,22,36,GREEDY
checkpoint-2006,23,36,AGGRESSIVE
checkpoint-2006,23,40,GREEDY
checkpoint-2006,23,44,NN
checkpoint-2006,23,44,DEFENSIVE
checkpoint-2006,24,36,AGGRESSIVE
checkpoint-2006,24,39,NN
checkpoint-2006,24,44,DEFENSIVE
checkpoint-2006,24,40,GREEDY
checkpoint-2006,25,42,AGGRESSIVE
checkpoint-2006,25,37,GREEDY
checkpoint-2006,25,42,DEFENSIVE
checkpoint-2006,25,50,NN
checkpoint-2006,26,36,AGGRESSIVE
checkpoint-2006,26,43,NN
checkpoint-2006,26,37,DEFENSIVE
checkpoint-2006,26,37,GREEDY
checkpoint-2006,27,36,AGGRESSIVE
checkpoint-2006,27,44,DEFENSIVE
checkpoint-2006,27,54,NN
checkpoint-2006,27,46,GREEDY
checkpoint-2006,28,42,NN
checkpoint-2006,28,37,AGGRESSIVE
checkpoint-2006,28,38,GREEDY
checkpoint-2006,28,41,DEFENSIVE
checkpoint-2006,29,36,NN
checkpoint-2006,29,36,AGGRESSIVE
checkpoint-2006,29,36,DEFENSIVE
checkpoint-2006,29,39,GREEDY
checkpoint-2006,30,37,GREEDY
checkpoint-2006,30,38,NN
checkpoint-2006,30,38,AGGRESSIVE
checkpoint-2006,30,39,DEFENSIVE
checkpoint-2006,31,36,NN
checkpoint-2006,31,37,GREEDY
checkpoint-2006,31,48,AGGRESSIVE
checkpoint-2006,31,38,DEFENSIVE
checkpoint-2006,32,42,AGGRESSIVE
checkpoint-2006,32,37,GREEDY
checkpoint-2006,32,37,DEFENSIVE
checkpoint-2006,32,38,NN
checkpoint-2006,33,36,DEFENSIVE
checkpoint-2006,33,38,GREEDY
checkpoint-2006,33,46,AGGRESSIVE
checkpoint-2006,33,48,NN
checkpoint-2006,34,37,AGGRESSIVE
checkpoint-2006,34,36,NN
checkpoint-2006,34,38,DEFENSIVE
checkpoint-2006,34,0,GREEDY
checkpoint-2006,35,36,NN
checkpoint-2006,35,36,DEFENSIVE
checkpoint-2006,35,44,AGGRESSIVE
checkpoint-2006,35,38,GREEDY
checkpoint-2006,36,37,NN
checkpoint-2006,36,36,AGGRESSIVE
checkpoint-2006,36,0,GREEDY
checkpoint-2501,0,37,AGGRESSIVE
checkpoint-2501,0,37,NN
checkpoint-2501,0,46,GREEDY
checkpoint-2501,0,46,DEFENSIVE
checkpoint-2501,1,36,NN
checkpoint-2501,1,40,GREEDY
checkpoint-2501,1,37,DEFENSIVE
checkpoint-2501,1,49,AGGRESSIVE
checkpoint-2501,2,36,DEFENSIVE
checkpoint-2501,2,53,NN
checkpoint-2501,2,39,AGGRESSIVE
checkpoint-2501,2,50,GREEDY
checkpoint-2501,3,36,AGGRESSIVE
checkpoint-2501,3,36,DEFENSIVE
checkpoint-2501,3,38,GREEDY
checkpoint-2501,3,54,NN
checkpoint-2501,4,38,GREEDY
checkpoint-2501,4,42,AGGRESSIVE
checkpoint-2501,4,46,NN
checkpoint-2501,4,38,DEFENSIVE
checkpoint-2501,5,40,AGGRESSIVE
checkpoint-2501,5,36,DEFENSIVE
checkpoint-2501,5,40,GREEDY
checkpoint-2501,5,60,NN
checkpoint-2501,6,36,AGGRESSIVE
checkpoint-2501,6,52,NN
checkpoint-2501,6,42,GREEDY
checkpoint-2501,6,39,DEFENSIVE
checkpoint-2501,7,38,NN
checkpoint-2501,7,36,AGGRESSIVE
checkpoint-2501,7,41,GREEDY
checkpoint-2501,7,41,DEFENSIVE
checkpoint-2501,8,46,AGGRESSIVE
checkpoint-2501,8,44,NN
checkpoint-2501,8,37,GREEDY
checkpoint-2501,8,67,DEFENSIVE
checkpoint-2501,9,39,AGGRESSIVE
checkpoint-2501,9,40,GREEDY
checkpoint-2501,9,61,NN
checkpoint-2501,9,37,DEFENSIVE
checkpoint-2501,10,38,DEFENSIVE
checkpoint-2501,10,41,AGGRESSIVE
checkpoint-2501,10,36,GREEDY
checkpoint-2501,10,37,NN
checkpoint-2501,11,36,NN
checkpoint-2501,11,36,GREEDY
checkpoint-2501,11,38,DEFENSIVE
checkpoint-2501,12,37,GREEDY
checkpoint-2501,12,48,AGGRESSIVE
checkpoint-2501,12,45,NN
checkpoint-2501,12,37,DEFENSIVE
checkpoint-2501,13,36,AGGRESSIVE
checkpoint-2501,13,44,GREEDY
checkpoint-2501,13,36,DEFENSIVE
checkpoint-2501,13,45,NN
checkpoint-2501,14,36,AGGRESSIVE
checkpoint-2501,14,37,GREEDY
checkpoint-2501,14,46,NN
checkpoint-2501,14,37,DEFENSIVE
checkpoint-2501,15,37,NN
checkpoint-2501,15,42,AGGRESSIVE
checkpoint-2501,15,36,DEFENSIVE
checkpoint-2501,15,38,GREEDY
checkpoint-2501,16,43,NN
checkpoint-2501,16,39,GREEDY
checkpoint-2501,16,39,DEFENSIVE
checkpoint-2501,16,38,AGGRESSIVE
checkpoint-2501,17,37,AGGRESSIVE
checkpoint-2501,17,36,GREEDY
checkpoint-2501,17,39,DEFENSIVE
checkpoint-2501,17,55,NN
checkpoint-2501,18,40,NN
checkpoint-2501,18,38,AGGRESSIVE
checkpoint-2501,18,36,GREEDY
checkpoint-2501,18,38,DEFENSIVE
checkpoint-2501,19,37,NN
checkpoint-2501,19,36,GREEDY
checkpoint-2501,19,38,DEFENSIVE
checkpoint-2501,19,38,AGGRESSIVE
checkpoint-2501,20,37,NN
checkpoint-2501,20,39,AGGRESSIVE
checkpoint-2501,20,38,GREEDY
checkpoint-2501,20,38,DEFENSIVE
checkpoint-2501,21,36,NN
checkpoint-2501,21,38,AGGRESSIVE
checkpoint-2501,21,38,GREEDY
checkpoint-2501,21,39,DEFENSIVE
checkpoint-2501,22,36,AGGRESSIVE
checkpoint-2501,22,37,GREEDY
checkpoint-2501,22,40,DEFENSIVE
checkpoint-2501,22,36,NN
checkpoint-2501,23,38,NN
checkpoint-2501,23,36,AGGRESSIVE
checkpoint-2501,23,38,DEFENSIVE
checkpoint-2501,23,36,GREEDY
checkpoint-2501,24,36,GREEDY
checkpoint-2501,24,42,NN
checkpoint-2501,24,41,AGGRESSIVE
checkpoint-2501,24,42,DEFENSIVE
checkpoint-2501,25,37,AGGRESSIVE
checkpoint-2501,25,38,DEFENSIVE
checkpoint-2501,25,51,NN
checkpoint-2501,25,37,GREEDY
checkpoint-2501,26,36,AGGRESSIVE
checkpoint-2501,26,42,GREEDY
checkpoint-2501,26,36,NN
checkpoint-2501,26,38,DEFENSIVE
checkpoint-2501,27,38,NN
checkpoint-2501,27,36,AGGRESSIVE
checkpoint-2501,27,36,GREEDY
checkpoint-2501,27,36,DEFENSIVE
checkpoint-2501,28,38,GREEDY
checkpoint-2501,28,40,AGGRESSIVE
checkpoint-2501,28,73,NN
checkpoint-2501,28,36,DEFENSIVE
checkpoint-2501,29,52,NN
checkpoint-2501,29,36,AGGRESSIVE
checkpoint-2501,29,0,GREEDY
checkpoint-2501,29,0,DEFENSIVE
checkpoint-2501,30,36,GREEDY
checkpoint-2501,30,0,NN
checkpoint-2501,30,0,AGGRESSIVE
checkpoint-2501,30,37,DEFENSIVE
checkpoint-2501,31,37,NN
checkpoint-2501,31,36,AGGRESSIVE
checkpoint-2501,31,0,DEFENSIVE
checkpoint-2501,31,0,GREEDY
checkpoint-3002,0,38,NN
checkpoint-3002,0,36,AGGRESSIVE
checkpoint-3002,0,36,GREEDY
checkpoint-3002,0,36,DEFENSIVE
checkpoint-3002,1,36,NN
checkpoint-3002,1,36,DEFENSIVE
checkpoint-3002,1,49,GREEDY
checkpoint-3002,1,83,AGGRESSIVE
checkpoint-3002,2,36,DEFENSIVE
checkpoint-3002,2,40,NN
checkpoint-3002,2,36,AGGRESSIVE
checkpoint-3002,2,36,GREEDY
checkpoint-3002,3,36,AGGRESSIVE
checkpoint-3002,3,36,NN
checkpoint-3002,3,61,DEFENSIVE
checkpoint-3002,3,36,GREEDY
checkpoint-3002,4,36,AGGRESSIVE
checkpoint-3002,4,36,DEFENSIVE
checkpoint-3002,4,46,NN
checkpoint-3002,4,36,GREEDY
checkpoint-3002,5,36,DEFENSIVE
checkpoint-3002,5,36,GREEDY
checkpoint-3002,5,44,AGGRESSIVE
checkpoint-3002,5,60,NN
checkpoint-3002,6,36,NN
checkpoint-3002,6,36,DEFENSIVE
checkpoint-3002,6,36,AGGRESSIVE
checkpoint-3002,6,36,GREEDY
checkpoint-3002,7,36,NN
checkpoint-3002,7,37,AGGRESSIVE
checkpoint-3002,7,36,GREEDY
checkpoint-3002,7,36,DEFENSIVE
checkpoint-3002,8,36,NN
checkpoint-3002,8,36,AGGRESSIVE
checkpoint-3002,8,36,GREEDY
checkpoint-3002,8,36,DEFENSIVE
checkpoint-3002,9,36,NN
checkpoint-3002,9,36,AGGRESSIVE
checkpoint-3002,9,36,GREEDY
checkpoint-3002,9,38,DEFENSIVE
checkpoint-3002,10,37,NN
checkpoint-3002,10,36,AGGRESSIVE
checkpoint-3002,10,36,DEFENSIVE
checkpoint-3002,10,36,GREEDY
checkpoint-3002,11,36,AGGRESSIVE
checkpoint-3002,11,36,DEFENSIVE
checkpoint-3002,11,37,NN
checkpoint-3002,11,48,GREEDY
checkpoint-3002,12,36,GREEDY
checkpoint-3002,12,37,DEFENSIVE
checkpoint-3002,12,40,AGGRESSIVE
checkpoint-3002,12,44,NN
checkpoint-3002,13,36,DEFENSIVE
checkpoint-3002,13,36,AGGRESSIVE
checkpoint-3002,13,41,NN
checkpoint-3002,13,44,GREEDY
checkpoint-3002,14,36,GREEDY
checkpoint-3002,14,37,AGGRESSIVE
checkpoint-3002,14,37,DEFENSIVE
checkpoint-3002,14,42,NN
checkpoint-3002,15,36,NN
checkpoint-3002,15,37,AGGRESSIVE
checkpoint-3002,15,36,GREEDY
checkpoint-3002,15,36,DEFENSIVE
checkpoint-3002,16,36,AGGRESSIVE
checkpoint-3002,16,39,NN
checkpoint-3002,16,36,GREEDY
checkpoint-3002,16,36,DEFENSIVE
checkpoint-3002,17,36,NN
checkpoint-3002,17,36,AGGRESSIVE
checkpoint-3002,17,36,GREEDY
checkpoint-3002,17,36,DEFENSIVE
checkpoint-3002,18,36,AGGRESSIVE
checkpoint-3002,18,36,NN
checkpoint-3002,18,36,GREEDY
checkpoint-3002,18,0,DEFENSIVE
checkpoint-3002,19,0,NN
checkpoint-3002,19,0,AGGRESSIVE
checkpoint-3002,19,0,GREEDY
checkpoint-3002,19,0,DEFENSIVE
checkpoint-3002,20,0,NN
checkpoint-3002,20,0,AGGRESSIVE
checkpoint-3002,20,0,GREEDY
checkpoint-3002,20,0,DEFENSIVE
checkpoint-3002,21,0,NN
checkpoint-3002,21,0,AGGRESSIVE
checkpoint-3518,0,36,GREEDY
checkpoint-3518,0,36,AGGRESSIVE
checkpoint-3518,0,40,DEFENSIVE
checkpoint-3518,0,62,NN
checkpoint-3518,1,36,GREEDY
checkpoint-3518,1,43,AGGRESSIVE
checkpoint-3518,1,37,NN
checkpoint-3518,1,37,DEFENSIVE
checkpoint-3518,2,36,AGGRESSIVE
checkpoint-3518,2,36,DEFENSIVE
checkpoint-3518,2,38,GREEDY
checkpoint-3518,2,49,NN
checkpoint-3518,3,37,AGGRESSIVE
checkpoint-3518,3,36,DEFENSIVE
checkpoint-3518,3,44,GREEDY
checkpoint-3518,3,60,NN
checkpoint-3518,4,36,NN
checkpoint-3518,4,36,AGGRESSIVE
checkpoint-3518,4,36,GREEDY
checkpoint-3518,4,36,DEFENSIVE
checkpoint-3518,5,36,NN
checkpoint-3518,5,36,DEFENSIVE
checkpoint-3518,5,51,AGGRESSIVE
checkpoint-3518,5,36,GREEDY
checkpoint-3518,6,36,NN
checkpoint-3518,6,40,AGGRESSIVE
checkpoint-3518,6,36,GREEDY
checkpoint-3518,6,36,DEFENSIVE
checkpoint-3518,7,36,NN
checkpoint-3518,7,37,AGGRESSIVE
checkpoint-3518,7,0,GREEDY
checkpoint-3518,7,0,DEFENSIVE
checkpoint-3518,8,0,AGGRESSIVE
checkpoint-3518,8,0,GREEDY
checkpoint-3518,8,0,NN
checkpoint-3518,8,0,DEFENSIVE
checkpoint-3518,9,0,NN
checkpoint-3518,9,0,AGGRESSIVE
checkpoint-3518,9,0,GREEDY
checkpoint-3518,9,0,DEFENSIVE
checkpoint-3518,10,0,AGGRESSIVE
checkpoint-3518,10,0,NN
checkpoint-3518,10,0,DEFENSIVE
checkpoint-3518,10,0,GREEDY
checkpoint-3518,11,0,NN
checkpoint-3518,11,0,GREEDY
checkpoint-3518,11,0,AGGRESSIVE
checkpoint-3518,11,0,DEFENSIVE
checkpoint-3518,12,0,NN
checkpoint-3518,12,0,AGGRESSIVE
checkpoint-3518,12,43,GREEDY
checkpoint-3518,12,36,DEFENSIVE
checkpoint-3518,13,36,DEFENSIVE
checkpoint-3518,13,38,GREEDY
checkpoint-3518,13,44,NN
checkpoint-3518,13,39,AGGRESSIVE
checkpoint-3518,14,36,AGGRESSIVE
checkpoint-3518,14,40,NN
checkpoint-3518,14,36,DEFENSIVE
checkpoint-3518,14,37,GREEDY
checkpoint-3518,15,37,NN
checkpoint-3518,15,37,GREEDY
checkpoint-3518,15,36,AGGRESSIVE
checkpoint-3518,15,36,DEFENSIVE
checkpoint-3518,16,36,NN
checkpoint-3518,16,36,AGGRESSIVE
checkpoint-3518,16,43,GREEDY
checkpoint-3518,16,36,DEFENSIVE
checkpoint-3518,17,38,NN
checkpoint-3518,17,36,DEFENSIVE
checkpoint-3518,17,37,AGGRESSIVE
checkpoint-3518,17,39,GREEDY
checkpoint-3518,18,36,NN
checkpoint-3518,18,38,AGGRESSIVE
checkpoint-3518,18,36,GREEDY
checkpoint-3518,18,36,DEFENSIVE
checkpoint-3518,19,36,NN
checkpoint-3518,19,36,AGGRESSIVE
checkpoint-3518,19,36,GREEDY
checkpoint-3518,19,0,DEFENSIVE
checkpoint-3518,20,37,NN
checkpoint-3518,20,36,AGGRESSIVE
checkpoint-3518,20,36,GREEDY
checkpoint-3518,20,36,DEFENSIVE
checkpoint-3518,21,0,NN
checkpoint-3518,21,36,GREEDY
checkpoint-3518,21,0,AGGRESSIVE
checkpoint-3518,21,0,DEFENSIVE
checkpoint-3518,22,0,AGGRESSIVE
checkpoint-3518,22,0,GREEDY
checkpoint-3518,22,0,NN
checkpoint-3518,22,0,DEFENSIVE
checkpoint-3518,23,0,NN
checkpoint-3518,23,0,AGGRESSIVE
checkpoint-4006,0,36,GREEDY
checkpoint-4006,0,38,NN
checkpoint-4006,0,44,AGGRESSIVE
checkpoint-4006,0,38,DEFENSIVE
checkpoint-4006,1,36,DEFENSIVE
checkpoint-4006,1,36,NN
checkpoint-4006,1,37,AGGRESSIVE
checkpoint-4006,1,52,GREEDY
checkpoint-4006,2,36,AGGRESSIVE
checkpoint-4006,2,38,DEFENSIVE
checkpoint-4006,2,42,NN
checkpoint-4006,2,38,GREEDY
checkpoint-4006,3,36,AGGRESSIVE
checkpoint-4006,3,36,NN
checkpoint-4006,3,36,DEFENSIVE
checkpoint-4006,3,38,GREEDY
checkpoint-4006,4,36,NN
checkpoint-4006,4,36,GREEDY
checkpoint-4006,4,37,AGGRESSIVE
checkpoint-4006,4,38,DEFENSIVE
checkpoint-4006,5,36,GREEDY
checkpoint-4006,5,36,DEFENSIVE
checkpoint-4006,5,36,NN
checkpoint-4006,5,50,AGGRESSIVE
checkpoint-4006,6,36,NN
checkpoint-4006,6,36,AGGRESSIVE
checkpoint-4006,6,36,GREEDY
checkpoint-4006,6,36,DEFENSIVE
checkpoint-4006,7,37,NN
checkpoint-4006,7,36,DEFENSIVE
checkpoint-4006,7,36,AGGRESSIVE
checkpoint-4006,7,43,GREEDY
checkpoint-4006,8,36,AGGRESSIVE
checkpoint-4006,8,38,NN
checkpoint-4006,8,36,DEFENSIVE
checkpoint-4006,8,45,GREEDY
checkpoint-4006,9,36,NN
checkpoint-4006,9,36,AGGRESSIVE
checkpoint-4006,9,36,GREEDY
checkpoint-4006,9,38,DEFENSIVE
checkpoint-4006,10,36,AGGRESSIVE
checkpoint-4006,10,41,NN
checkpoint-4006,10,36,GREEDY
checkpoint-4006,10,36,DEFENSIVE
checkpoint-4006,11,37,NN
checkpoint-4006,11,37,GREEDY
checkpoint-4006,11,36,AGGRESSIVE
checkpoint-4006,11,37,DEFENSIVE
checkpoint-4006,12,36,AGGRESSIVE
checkpoint-4006,12,36,DEFENSIVE
checkpoint-4006,12,36,NN
checkpoint-4006,12,57,GREEDY
checkpoint-4006,13,37,DEFENSIVE
checkpoint-4006,13,36,NN
checkpoint-4006,13,44,AGGRESSIVE
checkpoint-4006,13,39,GREEDY
checkpoint-4006,14,38,GREEDY
checkpoint-4006,14,37,NN
checkpoint-4006,14,36,AGGRESSIVE
checkpoint-4006,14,36,DEFENSIVE
checkpoint-4006,15,36,NN
checkpoint-4006,15,36,AGGRESSIVE
checkpoint-4006,15,59,DEFENSIVE
checkpoint-4006,15,38,GREEDY
checkpoint-4006,16,36,AGGRESSIVE
checkpoint-4006,16,40,NN
checkpoint-4006,16,36,GREEDY
checkpoint-4006,16,44,DEFENSIVE
checkpoint-4006,17,36,NN
checkpoint-4006,17,36,GREEDY
checkpoint-4006,17,41,AGGRESSIVE
checkpoint-4006,17,38,DEFENSIVE
checkpoint-4006,18,36,AGGRESSIVE
checkpoint-4006,18,44,NN
checkpoint-4006,18,37,GREEDY
checkpoint-4006,18,38,DEFENSIVE
checkpoint-4006,19,36,NN
checkpoint-4006,19,36,GREEDY
checkpoint-4006,19,36,DEFENSIVE
checkpoint-4006,19,39,AGGRESSIVE
checkpoint-4006,20,38,NN
checkpoint-4006,20,36,AGGRESSIVE
checkpoint-4006,20,38,DEFENSIVE
checkpoint-4006,20,36,GREEDY
checkpoint-4006,21,36,NN
checkpoint-4006,21,36,DEFENSIVE
checkpoint-4006,21,36,AGGRESSIVE
checkpoint-4006,21,36,GREEDY
checkpoint-4006,22,36,GREEDY
checkpoint-4006,22,36,NN
checkpoint-4006,22,36,AGGRESSIVE
checkpoint-4006,22,36,DEFENSIVE
checkpoint-4006,23,37,NN
checkpoint-4006,23,0,AGGRESSIVE
checkpoint-4006,23,0,DEFENSIVE
checkpoint-4006,23,0,GREEDY
checkpoint-4006,24,0,NN
checkpoint-4006,24,0,GREEDY
checkpoint-4006,24,0,DEFENSIVE
checkpoint-4006,24,0,AGGRESSIVE
checkpoint-4006,25,36,GREEDY
checkpoint-4006,25,37,AGGRESSIVE
checkpoint-4006,25,50,NN
checkpoint-4006,25,38,DEFENSIVE
checkpoint-4006,26,39,NN
checkpoint-4006,26,36,AGGRESSIVE
checkpoint-4006,26,36,GREEDY
checkpoint-4006,26,38,DEFENSIVE
checkpoint-4006,27,37,NN
checkpoint-4006,27,36,DEFENSIVE
checkpoint-4006,27,45,GREEDY
checkpoint-4006,28,56,NN
checkpoint-4006,28,36,AGGRESSIVE
checkpoint-4006,28,36,GREEDY
checkpoint-4006,28,36,DEFENSIVE
checkpoint-4006,29,36,GREEDY
checkpoint-4006,29,36,NN
checkpoint-4006,29,36,AGGRESSIVE
checkpoint-4006,29,36,DEFENSIVE
checkpoint-4006,30,37,NN
checkpoint-4006,30,36,AGGRESSIVE
checkpoint-4006,30,36,GREEDY
checkpoint-4006,30,0,DEFENSIVE
checkpoint-4006,31,37,NN
checkpoint-4006,31,37,AGGRESSIVE
checkpoint-4006,31,36,GREEDY
checkpoint-4006,31,36,DEFENSIVE
checkpoint-4006,32,0,AGGRESSIVE
checkpoint-4006,32,0,DEFENSIVE
checkpoint-4006,32,0,NN
checkpoint-4006,32,0,GREEDY
checkpoint-4006,33,0,NN
checkpoint-4006,33,0,AGGRESSIVE
checkpoint-4006,33,0,GREEDY
checkpoint-4006,33,0,DEFENSIVE
checkpoint-4006,34,0,AGGRESSIVE
checkpoint-4006,34,0,NN
checkpoint-4006,34,0,DEFENSIVE
checkpoint-4006,34,0,GREEDY
checkpoint-4006,35,0,NN
checkpoint-4006,35,0,AGGRESSIVE
checkpoint-4006,35,0,GREEDY
checkpoint-4507,0,36,DEFENSIVE
checkpoint-4507,0,38,AGGRESSIVE
checkpoint-4507,0,42,NN
checkpoint-4507,0,51,GREEDY
checkpoint-4507,1,36,NN
checkpoint-4507,1,36,AGGRESSIVE
checkpoint-4507,1,36,DEFENSIVE
checkpoint-4507,1,37,GREEDY
checkpoint-4507,2,36,NN
checkpoint-4507,2,36,GREEDY
checkpoint-4507,2,38,AGGRESSIVE
checkpoint-4507,2,46,DEFENSIVE
checkpoint-4507,3,36,GREEDY
checkpoint-4507,3,37,NN
checkpoint-4507,3,36,AGGRESSIVE
checkpoint-4507,3,43,DEFENSIVE
checkpoint-4507,4,38,AGGRESSIVE
checkpoint-4507,4,36,NN
checkpoint-4507,4,37,DEFENSIVE
checkpoint-4507,4,38,GREEDY
checkpoint-4507,5,36,DEFENSIVE
checkpoint-4507,5,36,NN
checkpoint-4507,5,39,AGGRESSIVE
checkpoint-4507,5,38,GREEDY
checkpoint-4507,6,36,DEFENSIVE
checkpoint-4507,6,39,NN
checkpoint-4507,6,40,AGGRESSIVE
checkpoint-4507,6,56,GREEDY
checkpoint-4507,7,36,NN
checkpoint-4507,7,38,GREEDY
checkpoint-4507,7,36,DEFENSIVE
checkpoint-4507,7,38,AGGRESSIVE
checkpoint-4507,8,37,AGGRESSIVE
checkpoint-4507,8,36,DEFENSIVE
checkpoint-4507,8,36,GREEDY
checkpoint-4507,8,38,NN
checkpoint-4507,9,36,AGGRESSIVE
checkpoint-4507,9,37,NN
checkpoint-4507,9,38,DEFENSIVE
checkpoint-4507,9,36,GREEDY
checkpoint-4507,10,36,DEFENSIVE
checkpoint-4507,10,44,AGGRESSIVE
checkpoint-4507,10,37,GREEDY
checkpoint-4507,10,39,NN
checkpoint-4507,11,36,GREEDY
checkpoint-4507,11,39,NN
checkpoint-4507,11,38,AGGRESSIVE
checkpoint-4507,11,37,DEFENSIVE
checkpoint-4507,12,36,AGGRESSIVE
checkpoint-4507,12,36,NN
checkpoint-4507,12,37,DEFENSIVE
checkpoint-4507,12,37,GREEDY
checkpoint-4507,13,37,GREEDY
checkpoint-4507,13,37,DEFENSIVE
checkpoint-4507,13,37,NN
checkpoint-4507,13,37,AGGRESSIVE
checkpoint-4507,14,36,DEFENSIVE
checkpoint-4507,14,37,GREEDY
checkpoint-4507,14,36,NN
checkpoint-4507,14,37,AGGRESSIVE
checkpoint-4507,15,40,NN
checkpoint-4507,15,37,GREEDY
checkpoint-4507,15,36,AGGRESSIVE
checkpoint-4507,15,38,DEFENSIVE
checkpoint-4507,16,36,AGGRESSIVE
checkpoint-4507,16,36,GREEDY
checkpoint-4507,16,36,NN
checkpoint-4507,16,36,DEFENSIVE
checkpoint-4507,17,37,AGGRESSIVE
checkpoint-4507,17,37,DEFENSIVE
checkpoint-4507,17,36,NN
checkpoint-4507,17,48,GREEDY
checkpoint-4507,18,36,DEFENSIVE
checkpoint-4507,18,52,NN
checkpoint-4507,18,37,GREEDY
checkpoint-4507,18,38,AGGRESSIVE
checkpoint-4507,19,36,AGGRESSIVE
checkpoint-4507,19,37,DEFENSIVE
checkpoint-4507,19,39,NN
checkpoint-4507,19,38,GREEDY
checkpoint-4507,20,36,NN
checkpoint-4507,20,36,AGGRESSIVE
checkpoint-4507,20,36,GREEDY
checkpoint-4507,20,0,DEFENSIVE
checkpoint-4507,21,0,NN
checkpoint-4507,21,0,AGGRESSIVE
checkpoint-4507,21,0,GREEDY
checkpoint-4507,21,0,DEFENSIVE
checkpoint-4507,22,0,NN
checkpoint-4507,22,0,AGGRESSIVE
checkpoint-4507,22,36,GREEDY
checkpoint-4507,22,36,DEFENSIVE
checkpoint-4507,23,0,AGGRESSIVE
checkpoint-4507,23,0,NN
checkpoint-4507,23,0,GREEDY
checkpoint-4507,23,0,DEFENSIVE
checkpoint-4507,24,0,NN
checkpoint-496,0,36,AGGRESSIVE
checkpoint-496,0,37,GREEDY
checkpoint-496,0,36,NN
checkpoint-496,1,36,AGGRESSIVE
checkpoint-496,1,49,NN
checkpoint-496,1,36,GREEDY
checkpoint-496,1,39,DEFENSIVE
checkpoint-496,2,36,DEFENSIVE
checkpoint-496,2,38,GREEDY
checkpoint-496,2,50,NN
checkpoint-496,2,51,AGGRESSIVE
checkpoint-496,3,37,NN
checkpoint-496,3,36,GREEDY
checkpoint-496,3,36,DEFENSIVE
checkpoint-496,3,50,AGGRESSIVE
checkpoint-496,4,39,NN
checkpoint-496,4,36,AGGRESSIVE
checkpoint-496,4,37,GREEDY
checkpoint-496,4,37,DEFENSIVE
checkpoint-496,5,41,NN
checkpoint-496,5,37,AGGRESSIVE
checkpoint-496,5,52,GREEDY
checkpoint-496,5,37,DEFENSIVE
checkpoint-496,6,36,AGGRESSIVE
checkpoint-496,6,36,GREEDY
checkpoint-496,6,36,DEFENSIVE
checkpoint-496,6,39,NN
checkpoint-496,7,36,GREEDY
checkpoint-496,7,36,NN
checkpoint-496,7,37,DEFENSIVE
checkpoint-496,7,37,AGGRESSIVE
checkpoint-496,8,36,AGGRESSIVE
checkpoint-496,8,36,GREEDY
checkpoint-496,8,45,NN
checkpoint-496,8,36,DEFENSIVE
checkpoint-496,9,36,NN
checkpoint-496,9,37,GREEDY
checkpoint-496,9,39,AGGRESSIVE
checkpoint-496,9,36,DEFENSIVE
checkpoint-496,10,36,DEFENSIVE
checkpoint-496,10,42,NN
checkpoint-496,10,41,AGGRESSIVE
checkpoint-496,10,36,GREEDY
checkpoint-496,11,36,DEFENSIVE
checkpoint-496,11,38,NN
checkpoint-496,11,44,GREEDY
checkpoint-496,11,36,AGGRESSIVE
checkpoint-496,12,37,NN
checkpoint-496,12,36,DEFENSIVE
checkpoint-496,12,36,AGGRESSIVE
checkpoint-496,12,37,GREEDY
checkpoint-496,13,38,NN
checkpoint-496,13,36,AGGRESSIVE
checkpoint-496,13,37,DEFENSIVE
checkpoint-496,13,38,GREEDY
checkpoint-496,14,36,AGGRESSIVE
checkpoint-496,14,36,GREEDY
checkpoint-496,14,38,NN
checkpoint-496,14,52,DEFENSIVE
checkpoint-496,15,38,NN
checkpoint-496,15,36,DEFENSIVE
checkpoint-496,15,36,GREEDY
checkpoint-496,15,40,AGGRESSIVE
checkpoint-496,16,36,AGGRESSIVE
checkpoint-496,16,36,DEFENSIVE
checkpoint-496,16,38,NN
checkpoint-496,16,43,GREEDY
checkpoint-496,17,37,AGGRESSIVE
checkpoint-496,17,37,GREEDY
checkpoint-496,17,36,NN
checkpoint-496,17,36,DEFENSIVE
checkpoint-496,18,36,GREEDY
checkpoint-496,18,38,NN
checkpoint-496,18,39,DEFENSIVE
checkpoint-496,18,56,AGGRESSIVE
checkpoint-496,19,36,NN
checkpoint-496,19,37,DEFENSIVE
checkpoint-496,19,38,GREEDY
checkpoint-496,19,36,AGGRESSIVE
checkpoint-496,20,36,NN
checkpoint-496,20,37,AGGRESSIVE
checkpoint-496,20,36,GREEDY
checkpoint-496,20,36,DEFENSIVE
checkpoint-496,21,36,NN
checkpoint-496,21,37,AGGRESSIVE
checkpoint-496,21,36,GREEDY
checkpoint-496,21,36,DEFENSIVE
checkpoint-496,22,36,NN
checkpoint-496,22,0,AGGRESSIVE
checkpoint-496,22,36,GREEDY
checkpoint-496,22,0,DEFENSIVE
checkpoint-496,23,0,NN
checkpoint-496,23,0,GREEDY
checkpoint-496,23,0,AGGRESSIVE
checkpoint-496,23,0,DEFENSIVE
checkpoint-496,24,0,NN
checkpoint-496,24,0,AGGRESSIVE
checkpoint-496,24,0,GREEDY
checkpoint-496,25,0,NN
checkpoint-496,25,0,AGGRESSIVE
checkpoint-496,25,38,GREEDY
checkpoint-496,25,38,DEFENSIVE
checkpoint-496,26,36,AGGRESSIVE
checkpoint-496,26,36,GREEDY
checkpoint-496,26,38,NN
checkpoint-496,26,43,DEFENSIVE
checkpoint-496,27,36,NN
checkpoint-496,27,37,AGGRESSIVE
checkpoint-496,27,36,GREEDY
checkpoint-496,27,36,DEFENSIVE
checkpoint-496,28,0,NN
checkpoint-496,28,0,AGGRESSIVE
checkpoint-496,28,0,GREEDY
checkpoint-496,28,0,DEFENSIVE
checkpoint-496,29,0,NN
checkpoint-496,29,0,DEFENSIVE
checkpoint-496,29,0,AGGRESSIVE
checkpoint-496,29,0,GREEDY
checkpoint-496,30,0,NN
checkpoint-496,30,0,AGGRESSIVE
checkpoint-496,30,0,GREEDY
checkpoint-496,30,0,DEFENSIVE
checkpoint-5009,0,37,NN
checkpoint-5009,0,36,AGGRESSIVE
checkpoint-5009,0,37,GREEDY
checkpoint-5009,0,37,DEFENSIVE
checkpoint-5009,1,36,AGGRESSIVE
checkpoint-5009,1,38,DEFENSIVE
checkpoint-5009,1,36,NN
checkpoint-5009,1,51,GREEDY
checkpoint-5009,2,36,AGGRESSIVE
checkpoint-5009,2,37,GREEDY
checkpoint-5009,2,42,NN
checkpoint-5009,2,36,DEFENSIVE
checkpoint-5009,3,36,NN
checkpoint-5009,3,36,AGGRESSIVE
checkpoint-5009,3,36,GREEDY
checkpoint-5009,3,36,DEFENSIVE
checkpoint-5009,4,37,NN
checkpoint-5009,4,36,AGGRESSIVE
checkpoint-5009,4,36,GREEDY
checkpoint-5009,4,36,DEFENSIVE
checkpoint-5009,5,37,AGGRESSIVE
checkpoint-5009,5,36,NN
checkpoint-5009,5,39,DEFENSIVE
checkpoint-5009,5,62,GREEDY
checkpoint-5009,6,36,AGGRESSIVE
checkpoint-5009,6,36,NN
checkpoint-5009,6,36,DEFENSIVE
checkpoint-5009,6,37,GREEDY
checkpoint-5009,7,36,DEFENSIVE
checkpoint-5009,7,37,GREEDY
checkpoint-5009,7,36,NN
checkpoint-5009,7,36,AGGRESSIVE
checkpoint-5009,8,36,NN
checkpoint-5009,8,43,GREEDY
checkpoint-5009,8,36,AGGRESSIVE
checkpoint-5009,8,36,DEFENSIVE
checkpoint-5009,9,36,NN
checkpoint-5009,9,36,AGGRESSIVE
checkpoint-5009,9,36,GREEDY
checkpoint-5009,9,36,DEFENSIVE
checkpoint-5009,10,42,NN
checkpoint-5009,10,38,DEFENSIVE
checkpoint-5009,10,42,GREEDY
checkpoint-5009,10,57,AGGRESSIVE
checkpoint-5009,11,37,AGGRESSIVE
checkpoint-5009,11,38,GREEDY
checkpoint-5009,11,36,DEFENSIVE
checkpoint-5009,11,36,NN
checkpoint-5009,12,36,GREEDY
checkpoint-5009,12,36,AGGRESSIVE
checkpoint-5009,12,37,NN
checkpoint-5009,12,54,DEFENSIVE
checkpoint-5009,13,36,AGGRESSIVE
checkpoint-5009,13,36,GREEDY
checkpoint-5009,13,44,NN
checkpoint-5009,13,36,DEFENSIVE
checkpoint-5009,14,39,AGGRESSIVE
checkpoint-5009,14,37,DEFENSIVE
checkpoint-5009,14,44,NN
checkpoint-5009,14,36,GREEDY
checkpoint-5009,15,36,NN
checkpoint-5009,15,36,AGGRESSIVE
checkpoint-5009,15,37,GREEDY
checkpoint-5009,15,40,DEFENSIVE
checkpoint-5009,16,37,NN
checkpoint-5009,16,37,GREEDY
checkpoint-5009,16,36,AGGRESSIVE
checkpoint-5009,16,36,DEFENSIVE
checkpoint-5009,17,37,GREEDY
checkpoint-5009,17,42,NN
checkpoint-5009,17,36,AGGRESSIVE
checkpoint-5009,17,37,DEFENSIVE
checkpoint-5009,18,36,GREEDY
checkpoint-5009,18,46,AGGRESSIVE
checkpoint-5009,18,40,NN
checkpoint-5009,18,36,DEFENSIVE
checkpoint-5009,19,38,NN
checkpoint-5009,19,37,AGGRESSIVE
checkpoint-5009,19,36,DEFENSIVE
checkpoint-5009,19,36,GREEDY
checkpoint-5009,20,36,DEFENSIVE
checkpoint-5009,20,37,GREEDY
checkpoint-5009,20,38,NN
checkpoint-5009,20,37,AGGRESSIVE
checkpoint-5009,21,37,NN
checkpoint-5009,21,36,AGGRESSIVE
checkpoint-5009,21,36,GREEDY
checkpoint-5009,21,36,DEFENSIVE
checkpoint-5009,22,36,NN
checkpoint-5009,22,36,AGGRESSIVE
checkpoint-5009,22,36,GREEDY
checkpoint-5009,22,36,DEFENSIVE
checkpoint-5009,23,37,NN
checkpoint-5009,23,0,AGGRESSIVE
checkpoint-5009,23,0,GREEDY
checkpoint-5009,23,0,DEFENSIVE
checkpoint-5009,24,0,NN
checkpoint-5009,24,36,GREEDY
checkpoint-5009,24,36,AGGRESSIVE
checkpoint-5009,24,46,DEFENSIVE
checkpoint-5009,25,37,GREEDY
checkpoint-5009,25,36,DEFENSIVE
checkpoint-5009,25,36,NN
checkpoint-5009,25,61,AGGRESSIVE
checkpoint-5009,26,36,GREEDY
checkpoint-5009,26,36,DEFENSIVE
checkpoint-5009,26,45,AGGRESSIVE
checkpoint-5009,26,36,NN
checkpoint-5009,27,38,NN
checkpoint-5009,27,36,DEFENSIVE
checkpoint-5009,27,50,AGGRESSIVE
checkpoint-5009,27,37,GREEDY
checkpoint-5009,28,37,AGGRESSIVE
checkpoint-5009,28,52,NN
checkpoint-5009,28,37,DEFENSIVE
checkpoint-5009,28,45,GREEDY
checkpoint-5009,29,36,AGGRESSIVE
checkpoint-5009,29,37,NN
checkpoint-5009,29,36,GREEDY
checkpoint-5009,29,37,DEFENSIVE
checkpoint-5009,30,36,AGGRESSIVE
checkpoint-5009,30,36,GREEDY
checkpoint-5009,30,38,DEFENSIVE
checkpoint-5009,30,37,NN
checkpoint-5009,31,36,DEFENSIVE
checkpoint-5009,31,39,GREEDY
checkpoint-5009,31,56,NN
checkpoint-5009,31,37,AGGRESSIVE
checkpoint-5009,32,36,NN
checkpoint-5009,32,37,AGGRESSIVE
checkpoint-5009,32,37,GREEDY
checkpoint-5009,32,36,DEFENSIVE
checkpoint-5009,33,38,NN
checkpoint-5009,33,36,DEFENSIVE
checkpoint-5009,33,36,AGGRESSIVE
checkpoint-5009,33,36,GREEDY
checkpoint-5009,34,36,GREEDY
checkpoint-5009,34,36,AGGRESSIVE
checkpoint-5009,34,0,DEFENSIVE
checkpoint-5009,34,36,NN
checkpoint-5009,35,0,NN
checkpoint-5009,35,0,GREEDY
checkpoint-5009,35,0,AGGRESSIVE
checkpoint-5009,35,0,DEFENSIVE
checkpoint-5500,0,36,GREEDY
checkpoint-5500,0,36,AGGRESSIVE
checkpoint-5500,0,49,DEFENSIVE
checkpoint-5500,1,36,GREEDY
checkpoint-5500,1,38,DEFENSIVE
checkpoint-5500,1,38,AGGRESSIVE
checkpoint-5500,1,38,NN
checkpoint-5500,2,36,DEFENSIVE
checkpoint-5500,2,36,GREEDY
checkpoint-5500,2,46,NN
checkpoint-5500,2,36,AGGRESSIVE
checkpoint-5500,3,36,AGGRESSIVE
checkpoint-5500,3,36,NN
checkpoint-5500,3,36,GREEDY
checkpoint-5500,3,36,DEFENSIVE
checkpoint-5500,4,37,NN
checkpoint-5500,4,36,AGGRESSIVE
checkpoint-5500,4,36,DEFENSIVE
checkpoint-5500,4,36,GREEDY
checkpoint-5500,5,36,DEFENSIVE
checkpoint-5500,5,48,NN
checkpoint-5500,5,36,AGGRESSIVE
checkpoint-5500,5,36,GREEDY
checkpoint-5500,6,36,AGGRESSIVE
checkpoint-5500,6,38,NN
checkpoint-5500,6,36,DEFENSIVE
checkpoint-5500,6,38,GREEDY
checkpoint-5500,7,43,NN
checkpoint-5500,7,36,AGGRESSIVE
checkpoint-5500,7,36,GREEDY
checkpoint-5500,7,36,DEFENSIVE
checkpoint-5500,8,37,NN
checkpoint-5500,8,36,DEFENSIVE
checkpoint-5500,8,36,AGGRESSIVE
checkpoint-5500,8,36,GREEDY
checkpoint-5500,9,38,NN
checkpoint-5500,9,36,DEFENSIVE
checkpoint-5500,9,36,GREEDY
checkpoint-5500,9,36,AGGRESSIVE
checkpoint-5500,10,36,DEFENSIVE
checkpoint-5500,10,36,GREEDY
checkpoint-5500,10,36,NN
checkpoint-5500,10,42,AGGRESSIVE
checkpoint-5500,11,36,NN
checkpoint-5500,11,36,DEFENSIVE
checkpoint-5500,11,36,GREEDY
checkpoint-5500,11,36,AGGRESSIVE
checkpoint-5500,12,36,AGGRESSIVE
checkpoint-5500,12,36,DEFENSIVE
checkpoint-5500,12,44,NN
checkpoint-5500,12,42,GREEDY
checkpoint-5500,13,36,AGGRESSIVE
checkpoint-5500,13,36,GREEDY
checkpoint-5500,13,38,NN
checkpoint-5500,13,37,DEFENSIVE
checkpoint-5500,14,36,NN
checkpoint-5500,14,36,DEFENSIVE
checkpoint-5500,14,50,AGGRESSIVE
checkpoint-5500,14,37,GREEDY
checkpoint-5500,15,36,DEFENSIVE
checkpoint-5500,15,38,GREEDY
checkpoint-5500,15,41,NN
checkpoint-5500,15,48,AGGRESSIVE
checkpoint-5500,16,37,DEFENSIVE
checkpoint-5500,16,38,NN
checkpoint-5500,16,36,AGGRESSIVE
checkpoint-5500,16,36,GREEDY
checkpoint-5500,17,36,AGGRESSIVE
checkpoint-5500,17,36,GREEDY
checkpoint-5500,17,36,DEFENSIVE
checkpoint-5500,17,47,NN
checkpoint-5500,18,36,DEFENSIVE
checkpoint-5500,18,43,NN
checkpoint-5500,18,36,AGGRESSIVE
checkpoint-5500,18,36,GREEDY
checkpoint-5500,19,36,NN
checkpoint-5500,19,36,DEFENSIVE
checkpoint-5500,19,37,GREEDY
checkpoint-5500,19,63,AGGRESSIVE
checkpoint-5500,20,37,AGGRESSIVE
checkpoint-5500,20,36,DEFENSIVE
checkpoint-5500,20,36,NN
checkpoint-5500,20,38,GREEDY
checkpoint-5500,21,36,NN
checkpoint-5500,21,36,AGGRESSIVE
checkpoint-5500,21,38,GREEDY
checkpoint-5500,21,52,DEFENSIVE
checkpoint-5500,22,36,NN
checkpoint-5500,22,36,AGGRESSIVE
checkpoint-5500,22,36,GREEDY
checkpoint-5500,22,52,DEFENSIVE
checkpoint-5500,23,36,AGGRESSIVE
checkpoint-5500,23,36,GREEDY
checkpoint-5500,23,36,DEFENSIVE
checkpoint-5500,23,36,NN
checkpoint-5500,24,36,GREEDY
checkpoint-5500,24,49,NN
checkpoint-5500,24,38,AGGRESSIVE
checkpoint-5500,24,38,DEFENSIVE
checkpoint-5500,25,36,NN
checkpoint-5500,25,36,GREEDY
checkpoint-5500,25,37,AGGRESSIVE
checkpoint-5500,25,36,DEFENSIVE
checkpoint-5500,26,38,AGGRESSIVE
checkpoint-5500,26,42,DEFENSIVE
checkpoint-5500,26,36,GREEDY
checkpoint-5500,26,37,NN
checkpoint-5500,27,38,NN
checkpoint-5500,27,36,GREEDY
checkpoint-5500,27,37,DEFENSIVE
checkpoint-5500,27,50,AGGRESSIVE
checkpoint-5500,28,38,AGGRESSIVE
checkpoint-5500,28,36,GREEDY
checkpoint-5500,28,36,NN
checkpoint-5500,28,44,DEFENSIVE
checkpoint-5500,29,36,NN
checkpoint-5500,29,36,DEFENSIVE
checkpoint-5500,29,44,AGGRESSIVE
checkpoint-5500,29,36,GREEDY
checkpoint-5500,30,37,NN
checkpoint-5500,30,36,AGGRESSIVE
checkpoint-5500,30,36,GREEDY
checkpoint-5500,30,36,DEFENSIVE
checkpoint-5500,31,37,NN
checkpoint-5500,31,0,AGGRESSIVE
checkpoint-5500,31,0,GREEDY
checkpoint-5500,31,0,DEFENSIVE
checkpoint-5500,32,0,NN
checkpoint-5500,32,0,GREEDY
checkpoint-5500,32,0,AGGRESSIVE
checkpoint-5500,32,0,DEFENSIVE
checkpoint-5500,33,0,DEFENSIVE
checkpoint-5500,33,0,GREEDY
checkpoint-5500,33,0,NN
checkpoint-5500,33,0,AGGRESSIVE
checkpoint-5500,34,0,NN
checkpoint-5500,34,0,GREEDY
checkpoint-5500,34,0,DEFENSIVE
checkpoint-5500,34,0,AGGRESSIVE
checkpoint-5500,35,0,GREEDY
checkpoint-5500,35,0,AGGRESSIVE
checkpoint-5500,35,0,DEFENSIVE
checkpoint-5500,35,0,NN
checkpoint-5500,36,0,NN
checkpoint-5500,36,0,AGGRESSIVE
checkpoint-5500,36,0,GREEDY
checkpoint-5500,36,0,DEFENSIVE
checkpoint-5500,37,0,NN
checkpoint-5500,37,0,GREEDY
checkpoint-5500,37,0,AGGRESSIVE
checkpoint-5500,37,0,DEFENSIVE
checkpoint-5500,38,0,NN
checkpoint-5500,38,0,AGGRESSIVE
checkpoint-5500,38,0,GREEDY
checkpoint-6004,0,36,GREEDY
checkpoint-6004,0,40,NN
checkpoint-6004,0,55,AGGRESSIVE
checkpoint-6004,0,39,DEFENSIVE
checkpoint-6004,1,36,GREEDY
checkpoint-6004,1,37,NN
checkpoint-6004,1,46,AGGRESSIVE
checkpoint-6004,1,39,DEFENSIVE
checkpoint-6004,2,36,DEFENSIVE
checkpoint-6004,2,37,AGGRESSIVE
checkpoint-6004,2,41,NN
checkpoint-6004,2,36,GREEDY
checkpoint-6004,3,36,AGGRESSIVE
checkpoint-6004,3,39,DEFENSIVE
checkpoint-6004,3,52,GREEDY
checkpoint-6004,3,36,NN
checkpoint-6004,4,36,AGGRESSIVE
checkpoint-6004,4,36,GREEDY
checkpoint-6004,4,39,NN
checkpoint-6004,4,38,DEFENSIVE
checkpoint-6004,5,36,AGGRESSIVE
checkpoint-6004,5,37,NN
checkpoint-6004,5,42,GREEDY
checkpoint-6004,5,59,DEFENSIVE
checkpoint-6004,6,36,AGGRESSIVE
checkpoint-6004,6,36,NN
checkpoint-6004,6,44,GREEDY
checkpoint-6004,6,43,DEFENSIVE
checkpoint-6004,7,36,AGGRESSIVE
checkpoint-6004,7,36,DEFENSIVE
checkpoint-6004,7,38,NN
checkpoint-6004,7,36,GREEDY
checkpoint-6004,8,37,AGGRESSIVE
checkpoint-6004,8,36,DEFENSIVE
checkpoint-6004,8,38,NN
checkpoint-6004,8,42,GREEDY
checkpoint-6004,9,36,NN
checkpoint-6004,9,36,AGGRESSIVE
checkpoint-6004,9,36,GREEDY
checkpoint-6004,9,36,DEFENSIVE
checkpoint-6004,10,36,AGGRESSIVE
checkpoint-6004,10,36,NN
checkpoint-6004,10,36,GREEDY
checkpoint-6004,10,36,DEFENSIVE
checkpoint-6004,11,36,AGGRESSIVE
checkpoint-6004,11,36,DEFENSIVE
checkpoint-6004,11,36,GREEDY
checkpoint-6004,11,36,NN
checkpoint-6004,12,36,DEFENSIVE
checkpoint-6004,12,36,GREEDY
checkpoint-6004,12,38,NN
checkpoint-6004,12,61,AGGRESSIVE
checkpoint-6004,13,38,AGGRESSIVE
checkpoint-6004,13,38,NN
checkpoint-6004,13,36,GREEDY
checkpoint-6004,13,39,DEFENSIVE
checkpoint-6004,14,38,NN
checkpoint-6004,14,36,AGGRESSIVE
checkpoint-6004,14,44,DEFENSIVE
checkpoint-6004,14,37,GREEDY
checkpoint-6004,15,36,NN
checkpoint-6004,15,37,AGGRESSIVE
checkpoint-6004,15,37,DEFENSIVE
checkpoint-6004,15,36,GREEDY
checkpoint-6004,16,44,NN
checkpoint-6004,16,37,DEFENSIVE
checkpoint-6004,16,38,AGGRESSIVE
checkpoint-6004,16,53,GREEDY
checkpoint-6004,17,37,NN
checkpoint-6004,17,37,GREEDY
checkpoint-6004,17,36,DEFENSIVE
checkpoint-6004,17,61,AGGRESSIVE
checkpoint-6004,18,36,GREEDY
checkpoint-6004,18,37,NN
checkpoint-6004,18,36,DEFENSIVE
checkpoint-6004,18,37,AGGRESSIVE
checkpoint-6004,19,36,NN
checkpoint-6004,19,36,AGGRESSIVE
checkpoint-6004,19,36,GREEDY
checkpoint-6004,19,36,DEFENSIVE
checkpoint-6004,20,36,NN
checkpoint-6004,20,36,AGGRESSIVE
checkpoint-6004,20,36,GREEDY
checkpoint-6004,20,36,DEFENSIVE
checkpoint-6004,21,36,NN
checkpoint-6004,21,37,AGGRESSIVE
checkpoint-6004,21,36,GREEDY
checkpoint-6004,21,36,DEFENSIVE
checkpoint-6004,22,36,GREEDY
checkpoint-6004,22,36,DEFENSIVE
checkpoint-6004,22,40,NN
checkpoint-6004,22,45,AGGRESSIVE
checkpoint-6004,23,40,NN
checkpoint-6004,23,36,DEFENSIVE
checkpoint-6004,23,36,AGGRESSIVE
checkpoint-6004,23,37,GREEDY
checkpoint-6004,24,37,NN
checkpoint-6004,24,36,AGGRESSIVE
checkpoint-6004,24,38,GREEDY
checkpoint-6004,24,37,DEFENSIVE
checkpoint-6004,25,36,AGGRESSIVE
checkpoint-6004,25,36,GREEDY
checkpoint-6004,25,38,NN
checkpoint-6004,25,36,DEFENSIVE
checkpoint-6004,26,36,NN
checkpoint-6004,26,36,AGGRESSIVE
checkpoint-6004,26,36,GREEDY
checkpoint-6004,26,37,DEFENSIVE
checkpoint-6004,27,36,NN
checkpoint-6004,27,36,AGGRESSIVE
checkpoint-6004,27,36,DEFENSIVE
checkpoint-6004,27,37,GREEDY
checkpoint-6004,28,36,NN
checkpoint-6004,28,36,GREEDY
checkpoint-6004,28,36,DEFENSIVE
checkpoint-6004,28,36,AGGRESSIVE
checkpoint-6004,29,36,NN
checkpoint-6004,29,36,GREEDY
checkpoint-6004,29,39,DEFENSIVE
checkpoint-6004,29,36,AGGRESSIVE
checkpoint-6004,30,38,NN
checkpoint-6004,30,37,DEFENSIVE
checkpoint-6004,30,36,AGGRESSIVE
checkpoint-6004,30,36,GREEDY
checkpoint-6004,31,0,NN
checkpoint-6004,31,0,AGGRESSIVE
checkpoint-6004,31,0,GREEDY
checkpoint-6004,31,0,DEFENSIVE
checkpoint-6004,32,0,AGGRESSIVE
checkpoint-6004,32,0,GREEDY
checkpoint-6004,32,0,NN
checkpoint-6004,32,0,DEFENSIVE
checkpoint-6004,33,0,AGGRESSIVE
checkpoint-6004,33,0,NN
checkpoint-8,0,36,DEFENSIVE
checkpoint-8,0,40,NN
checkpoint-8,0,38,GREEDY
checkpoint-8,0,63,AGGRESSIVE
checkpoint-8,1,38,AGGRESSIVE
checkpoint-8,1,56,NN
checkpoint-8,1,38,GREEDY
checkpoint-8,1,38,DEFENSIVE
checkpoint-8,2,37,NN
checkpoint-8,2,37,GREEDY
checkpoint-8,2,36,DEFENSIVE
checkpoint-8,2,41,AGGRESSIVE
checkpoint-8,3,36,GREEDY
checkpoint-8,3,36,AGGRESSIVE
checkpoint-8,3,40,NN
checkpoint-8,3,37,DEFENSIVE
checkpoint-8,4,40,AGGRESSIVE
checkpoint-8,4,40,NN
checkpoint-8,4,37,GREEDY
checkpoint-8,4,37,DEFENSIVE
checkpoint-8,5,37,NN
checkpoint-8,5,38,AGGRESSIVE
checkpoint-8,5,36,GREEDY
checkpoint-8,5,45,DEFENSIVE
checkpoint-8,6,36,NN
checkpoint-8,6,36,AGGRESSIVE
checkpoint-8,6,40,DEFENSIVE
checkpoint-8,6,37,GREEDY
checkpoint-8,7,38,NN
checkpoint-8,7,36,AGGRESSIVE
checkpoint-8,7,36,GREEDY
checkpoint-8,7,36,DEFENSIVE
checkpoint-8,8,37,NN
checkpoint-8,8,36,GREEDY
checkpoint-8,8,43,AGGRESSIVE
checkpoint-8,8,36,DEFENSIVE
checkpoint-8,9,37,NN
checkpoint-8,9,36,AGGRESSIVE
checkpoint-8,9,36,GREEDY
checkpoint-8,9,44,DEFENSIVE
checkpoint-8,10,36,NN
checkpoint-8,10,37,AGGRESSIVE
checkpoint-8,10,37,GREEDY
checkpoint-8,10,36,DEFENSIVE
checkpoint-8,11,0,NN
checkpoint-8,11,36,AGGRESSIVE
checkpoint-8,11,0,DEFENSIVE
checkpoint-8,11,0,GREEDY
checkpoint-8,12,0,NN
checkpoint-8,12,36,AGGRESSIVE
checkpoint-8,12,36,GREEDY
checkpoint-8,12,50,DEFENSIVE
checkpoint-8,13,36,DEFENSIVE
checkpoint-8,13,36,GREEDY
checkpoint-8,13,39,NN
checkpoint-8,13,60,AGGRESSIVE
checkpoint-8,14,36,NN
checkpoint-8,14,38,AGGRESSIVE
checkpoint-8,14,37,GREEDY
checkpoint-8,14,37,DEFENSIVE
checkpoint-8,15,36,NN
checkpoint-8,15,36,AGGRESSIVE
checkpoint-8,15,37,GREEDY
checkpoint-8,15,37,DEFENSIVE
checkpoint-8,16,36,NN
checkpoint-8,16,36,AGGRESSIVE
checkpoint-8,16,36,GREEDY
checkpoint-8,16,41,DEFENSIVE
checkpoint-8,17,36,AGGRESSIVE
checkpoint-8,17,53,NN
checkpoint-8,17,36,GREEDY
checkpoint-8,17,36,DEFENSIVE
checkpoint-8,18,36,NN
checkpoint-8,18,38,GREEDY
checkpoint-8,18,37,DEFENSIVE
checkpoint-8,18,59,AGGRESSIVE
checkpoint-8,19,38,AGGRESSIVE
checkpoint-8,19,36,NN
checkpoint-8,19,0,GREEDY
checkpoint-8,19,0,DEFENSIVE
checkpoint-8,20,0,NN
checkpoint-8,20,0,DEFENSIVE
checkpoint-8,20,0,GREEDY
checkpoint-8,21,0,NN
checkpoint-8,21,0,AGGRESSIVE
checkpoint-8,21,0,GREEDY
checkpoint-8,21,0,DEFENSIVE
checkpoint-8,22,0,NN
checkpoint-8,22,0,AGGRESSIVE
checkpoint-8,22,0,GREEDY
checkpoint-8,22,0,DEFENSIVE
checkpoint-8,23,0,NN
checkpoint-8,23,0,AGGRESSIVE
checkpoint-8,23,0,DEFENSIVE
checkpoint-8,23,0,GREEDY
checkpoint-998,0,36,AGGRESSIVE
checkpoint-998,0,36,GREEDY
checkpoint-998,0,42,NN
checkpoint-998,0,51,DEFENSIVE
checkpoint-998,1,36,AGGRESSIVE
checkpoint-998,1,36,NN
checkpoint-998,1,37,GREEDY
checkpoint-998,1,46,DEFENSIVE
checkpoint-998,2,36,AGGRESSIVE
checkpoint-998,2,37,DEFENSIVE
checkpoint-998,2,41,NN
checkpoint-998,2,38,GREEDY
checkpoint-998,3,36,AGGRESSIVE
checkpoint-998,3,39,NN
checkpoint-998,3,36,DEFENSIVE
checkpoint-998,3,44,GREEDY
checkpoint-998,4,37,NN
checkpoint-998,4,36,DEFENSIVE
checkpoint-998,4,38,AGGRESSIVE
checkpoint-998,4,44,GREEDY
checkpoint-998,5,37,GREEDY
checkpoint-998,5,39,DEFENSIVE
checkpoint-998,5,39,NN
checkpoint-998,5,36,AGGRESSIVE
checkpoint-998,6,36,DEFENSIVE
checkpoint-998,6,36,NN
checkpoint-998,6,36,AGGRESSIVE
checkpoint-998,6,43,GREEDY
checkpoint-998,7,36,NN
checkpoint-998,7,36,AGGRESSIVE
checkpoint-998,7,36,GREEDY
checkpoint-998,7,36,DEFENSIVE
checkpoint-998,8,36,GREEDY
checkpoint-998,8,36,NN
checkpoint-998,8,36,AGGRESSIVE
checkpoint-998,8,36,DEFENSIVE
checkpoint-998,9,36,NN
checkpoint-998,9,0,AGGRESSIVE
checkpoint-998,9,0,GREEDY
checkpoint-998,9,0,DEFENSIVE
checkpoint-998,10,0,NN
checkpoint-998,10,0,AGGRESSIVE
checkpoint-998,10,0,GREEDY
